test_group,buyers_per_items
control,14.205445887275724
control,11.41918852771779
control,13.386688790327842
control,2.751534990214088
control,15.629461829788902
control,13.139097351090104
control,6.3647794149961925
control,9.157977938145137
control,9.991456294534471
control,14.423899369697676
control,11.671396021341065
control,9.91202156285311
control,12.388252744599058
control,9.937907793702863
control,11.48983878093991
control,10.138306440845158
control,13.023563826800611
control,6.329807462631663
control,14.393429853380152
control,9.886363795456942
control,11.228545189989184
control,9.673215602742507
control,2.270378063413939
control,10.890006787070062
control,12.34946243767326
control,9.079236464337681
control,12.646871375192873
control,8.621372814650403
control,11.604353087932003
control,6.780564318561786
control,20.19910743085169
control,11.773480041585376
control,15.779985778517954
control,7.527953508399888
control,13.169693101166391
control,8.656062842951783
control,5.013707774327461
control,11.0224961154844
control,11.392523861517201
control,8.837010535530442
control,6.813283446809516
control,7.18627897884528
control,11.115716328065933
control,5.182524034476119
control,9.870587728146551
control,10.436094048688442
control,12.609148122635574
control,3.955649169768753
control,10.928396296798418
control,5.024604533384256
control,5.075177503847036
control,11.764574747265653
control,13.493461003578805
control,7.745139904830084
control,7.267174410002141
control,8.519515656030139
control,8.425238900495977
control,7.936001721917948
control,9.269422946565683
control,13.445401337072758
control,13.29217494418375
control,14.938312047092005
control,10.563702869346416
control,7.785100431223237
control,11.769659181973045
control,14.96235832976603
control,9.19943627805999
control,9.42929472147389
control,9.85600167232822
control,8.047595739111479
control,2.753224520640563
control,10.690242469741554
control,10.653362771592933
control,10.407204081521636
control,8.629188929264634
control,11.253206593114799
control,2.9149693903532503
control,14.635572867283999
control,5.314754491307071
control,10.056661697121365
control,10.534483435389996
control,9.755884650168545
control,11.188465484839677
control,6.37681689067524
control,0.7751759243966116
control,8.270512436281676
control,12.184336889700251
control,11.467372099546129
control,11.693550737327403
control,10.080953139756886
control,9.056601653935731
control,4.977380845429101
control,4.675459031084061
control,3.9774343706534925
control,6.793443741967983
control,10.19023213756568
control,10.23402279451208
control,9.62240979534368
control,6.732524858293382
control,13.577682840761213
control,6.690247360669245
control,11.309661506629249
control,16.87679101074925
control,7.130553709757713
control,8.8582367759695
control,6.388580289140949
control,10.574263912663147
control,11.485725886191704
control,10.139226513377674
control,8.800160623674415
control,6.966439400630598
control,9.000403909369284
control,10.059003246471605
control,11.968978537477929
control,9.372478782630894
control,7.959458665404922
control,8.543177782168996
control,11.20596839950894
control,7.184444797438983
control,9.274452633646185
control,9.226398330084589
control,6.199963682365107
control,11.24497687185852
control,12.921826228401077
control,14.475347375812563
control,13.186719677688775
control,11.844951212789747
control,3.6390576206103376
control,8.974066081956087
control,9.617605196822023
control,3.085513792054412
control,13.514289824624448
control,12.25144576308352
control,11.126434392651456
control,14.536547150927131
control,5.313250681462369
control,9.708896740918846
control,7.588202555694767
control,10.180679254482401
control,5.205454349699627
control,12.996695372316601
control,10.865058010307754
control,6.5784785368377365
control,12.456033591279638
control,11.915103070992584
control,13.441894165985328
control,9.397707067998102
control,8.291337648293476
control,12.259355914185354
control,11.717553749555444
control,9.918257916993966
control,8.312667105573349
control,10.966899645041092
control,9.519986091168386
control,8.825816262201021
control,10.99835131666437
control,13.089535319436337
control,8.286473454251889
control,5.428165696885643
control,13.153550932120945
control,13.142752366951711
control,7.854768309111317
control,7.366631283808343
control,14.496399384064599
control,13.397329619030659
control,11.517724154005508
control,14.12119394316952
control,4.985398567705024
control,7.86470129288444
control,6.010835491838639
control,12.432541812213639
control,9.357924006172862
control,9.778255198925427
control,5.98391541289282
control,7.7344220045855385
control,8.614870150752964
control,5.0321580324084465
control,6.079151007266893
control,13.41917859502839
control,9.038078106576243
control,11.555751568802503
control,10.97391677383785
control,9.805236299891343
control,10.859754161265398
control,8.943586479266074
control,11.909715088236682
control,10.961604364181465
control,7.408841896237979
control,7.575180567781306
control,8.80075643069792
control,4.163169966661023
control,11.716207021221809
control,11.968236218413837
control,14.951714352266162
control,11.178041942628463
control,10.882299628719952
control,9.931247350811365
control,15.255697717979636
control,15.037051765524549
control,12.692876288009607
control,9.091666277745881
control,6.581882275794676
control,6.739100958886878
control,7.060151453204954
control,8.4860222805212
control,10.087769750286032
control,9.763155024472843
control,12.45801726576655
control,11.007900547300354
control,15.05170546688344
control,9.429343191846131
control,9.351407719388357
control,14.142933181972541
control,7.294882136882907
control,10.097135057592773
control,9.487661578370417
control,10.330241641894796
control,13.152614754874795
control,12.051853229719425
control,13.000283171354717
control,12.038153804314653
control,9.474106947065689
control,13.851018641197673
control,13.871554124080102
control,14.155928688607661
control,5.916932981175145
control,5.134749478973409
control,8.26527838336914
control,10.131800255175541
control,11.221546266260852
control,15.312189569474409
control,7.380947019572155
control,8.208806660347173
control,8.512187853675657
control,11.61825252095136
control,6.118330703101722
control,7.021771436387306
control,5.715165596085594
control,8.160551014997306
control,13.681040771333382
control,9.986282966062566
control,6.961862721809337
control,8.273195204903717
control,9.572358721870227
control,7.134037129551614
control,7.350222626859829
control,13.819668717915293
control,11.247939657391987
control,11.910645304198203
control,8.992401033513598
control,16.512352343799414
control,6.180639082991336
control,13.441962966117984
control,9.84634721742803
control,13.68432079978449
control,15.542023324285545
control,15.122716814289923
control,8.38109917999772
control,11.366264776871674
control,9.253310867660256
control,7.677669624341812
control,6.31905388352877
control,12.667083241416139
control,12.983898199757842
control,10.665693364420957
control,12.738877676916154
control,9.069891020029296
control,7.47917693905489
control,7.211723271647269
control,11.869301039786153
control,9.682407478272426
control,10.170475706430985
control,6.214707191276335
control,10.938485517600945
control,9.207740071200655
control,8.098059558450922
control,8.26316148248187
control,13.456392154164039
control,13.90542408085748
control,9.668978950561968
control,0.025218609880580445
control,12.800523385183578
control,13.204458769766983
control,6.297778175068016
control,12.665674089890476
control,13.306488829340918
control,7.862466744274488
control,5.85513371443928
control,12.034299022046453
control,15.926820717648015
control,10.477259133449595
control,15.576003539741244
control,9.120143391214613
control,10.698619477563083
control,7.3818245811855245
control,10.904413303671246
control,12.645235575293855
control,9.441062154796429
control,3.9181912686752707
control,10.318048698861547
control,10.450248445544077
control,6.240485589596335
control,10.115879300789398
control,5.791531648198982
control,6.917572953443864
control,7.57485602474215
control,10.563429115510758
control,13.065191657691098
control,10.716658807767129
control,10.734450947756793
control,12.602790215951341
control,10.143750940588728
control,7.210624692357936
control,4.2773257094793244
control,9.97613022289518
control,9.930631864177482
control,8.837418856244085
control,7.702242597528908
control,14.086179802495867
control,9.416512138915799
control,10.32659996267817
control,14.60764719520776
control,6.831578662050755
control,9.342951156943304
control,9.506798430035147
control,6.64122779744974
control,13.261902958973861
control,13.116155128726266
control,11.722210626024413
control,11.597204179538625
control,13.433778607699256
control,12.088250972342086
control,7.421515185661279
control,6.512937249292275
control,8.669519799848304
control,8.270526002596444
control,10.093070596073716
control,7.372734803784507
control,14.764965263523248
control,8.638438068255917
control,14.286100407902023
control,15.43772950743733
control,14.096113864353605
control,11.633231749481682
control,7.384599577212926
control,10.796376799305389
control,11.3290355905148
control,9.340193458813694
control,5.954211015775693
control,9.177576096983946
control,11.878810529612077
control,13.240457389708293
control,10.49024502528941
control,9.983875684368641
control,8.611154670336601
control,11.128021912408975
control,9.971808665257296
control,5.931614103995743
control,15.607799959692736
control,7.912593063604036
control,16.337099236011117
control,10.30878189238489
control,11.770696345442838
control,6.778673033167546
control,11.557924456705168
control,7.572651924457595
control,8.798155114523556
control,11.994890379300475
control,17.422338900664933
control,12.165304399964517
control,9.140491171649774
control,7.887477026098924
control,6.584411582898677
control,7.38517425346065
control,12.427490902566008
control,9.765363141994758
control,6.677173086133939
control,8.051155957435787
control,14.671443207118863
control,6.2173025382439935
control,10.216494142826265
control,5.187563938687233
control,6.566221106348484
control,9.59319359668603
control,10.796029124115169
control,7.208505102122304
control,8.368859876797544
control,12.581824336882823
control,6.192052696074342
control,5.527379752684331
control,15.12902099595596
control,11.956826040027998
control,12.774722255137709
control,14.197029302397091
control,15.710149581860787
control,12.994327265977313
control,10.850772257984621
control,11.227238717247
control,11.586735520326252
control,8.7387205309686
control,13.49524509435576
control,11.140054517470563
control,3.449576931098436
control,10.437886802699087
control,13.378754922796627
control,11.976529993550914
control,15.132629367321421
control,9.036298104975934
control,13.817875100312929
control,10.776431019802082
control,7.815256504287888
control,10.845752464690051
control,6.757893955400861
control,9.996882972305402
control,13.444406389794878
control,8.14662793236266
control,9.641507279058622
control,11.143588283761586
control,7.217893589159508
control,11.821822843197394
control,10.026219020089496
control,13.554286574982353
control,13.257048046830489
control,15.857816809705984
control,1.2981849423727958
control,9.976116009963434
control,13.66239033679229
control,6.415209016842212
control,12.186329753618448
control,10.429987854806361
control,9.099469662313439
control,11.737925948485138
control,11.279166309963813
control,9.058872847516955
control,15.598756542502047
control,10.114228846513985
control,9.040704632044264
control,12.869048349794792
control,12.120442980474454
control,11.573446940687981
control,8.751461321657086
control,9.319497155167932
control,10.069047298745854
control,6.479983682580419
control,11.729523472782583
control,9.04130201136942
control,13.537659797007741
control,6.87455842777783
control,4.751395182241563
control,16.781713987470983
control,8.958680497840652
control,12.408921046155385
control,8.110154805582342
control,7.94194257285343
control,7.487114855011554
control,5.459322719976952
control,11.537815213957758
control,10.830254624457242
control,10.811545207373358
control,10.63438645409908
control,14.738884130804365
control,8.62647953178406
control,11.449507026550659
control,6.108391130416306
control,10.391368925952131
control,10.223652489438795
control,12.613538333896823
control,16.837116593144344
control,11.381228846624829
control,10.49113129504121
control,4.100337947623466
control,15.349019215327989
control,13.928754778828955
control,11.389839690696597
control,11.322956981835997
control,10.44013729106018
control,11.74624332873832
control,11.115734242571122
control,12.258318406380388
control,10.594935424935686
control,15.243223666807179
control,8.096272263360031
control,5.316377312390669
control,11.888555262628396
control,8.543114381987946
control,9.608146301295964
control,5.730668007769223
control,11.186435322438136
control,6.693106747856428
control,10.895621264795773
control,12.9933856030975
control,6.093506158225485
control,8.243523411343945
control,7.579479382205617
control,8.406359418051345
control,12.020118668052007
control,5.654369890793076
control,8.29546684765331
control,8.09058888938173
control,12.765494667859304
control,13.94490851854604
control,4.035863636338943
control,12.656176694864417
control,14.833651426251997
control,13.417715362705824
control,5.193566671394125
control,10.817741545981768
control,14.289330389655596
control,13.26780592934291
control,13.59447595430721
control,8.071801409387607
control,11.79950769887024
control,12.454306353656854
control,10.085221071681955
control,6.728274514978034
control,8.006620252094505
control,2.6533901501066035
control,9.330465426446509
control,9.118825715748955
control,14.354069612871157
control,5.498923735810264
control,11.640808868091733
control,14.58996316401062
control,16.290542789244007
control,14.359306021665194
control,11.297712569858515
control,10.238727044834452
control,9.828889849378069
control,2.8036937281130587
control,11.21204128496585
control,4.799300473109862
control,14.165178305453363
control,13.757408614553448
control,10.344492827296754
control,9.56828729875472
control,9.223182229415489
control,8.35981268258906
control,7.089200250670415
control,11.689653090377963
control,14.947466489945956
control,9.60311816194699
control,12.537380905902449
control,14.522074954654308
control,3.84534302966901
control,12.44161281812558
control,10.99707973243682
control,6.832437771936961
control,10.368725115240917
control,8.085214928165795
control,12.186053656460395
control,11.517892118394961
control,8.913606377221818
control,14.71305902338366
control,11.67807347110784
control,5.86795508443181
control,8.22491798569867
control,8.923481599358762
control,9.591650393960068
control,10.486113759019549
control,13.746849763690477
control,4.314865118142359
control,6.921929175656413
control,10.709445647005646
control,3.1197550013405113
control,12.841742622873843
control,16.783753972330647
control,12.189718113773592
control,12.804321834487194
control,11.495653967287026
control,11.898937480574077
control,5.232408276503845
control,9.601254212366847
control,4.829518606130821
control,13.539560911006696
control,11.3207276801438
control,8.932127577953173
control,18.08551753987893
control,12.771764860686524
control,12.71712005006785
control,12.553083971281731
control,6.7572910180466135
control,10.481311824508435
control,7.3002117556637565
control,14.702333413744155
control,11.724645679214213
control,7.240703476379235
control,8.993054723740027
control,12.67148731923939
control,6.327344917636673
control,13.049218042250182
control,8.71987017401008
control,10.677149049082947
control,6.418882900422709
control,15.892654143987096
control,9.272731266290528
control,9.524263105105014
control,15.074461812832904
control,8.728663634142634
control,11.838607617001022
control,7.432304752074058
control,10.538518846117071
control,13.381136166614542
control,8.472219221527011
control,7.004609320183677
control,12.768630613226001
control,13.61756903607052
control,8.8386767686642
control,15.203842891192522
control,8.193591574499422
control,13.801083011968093
control,8.442293905879898
control,9.052136044430345
control,10.635081965710233
control,9.613850155147396
control,9.863435667735349
control,9.130198167553807
control,7.27435312612241
control,8.939641783757406
control,12.826349208720622
control,11.602386266176401
control,4.912031229437745
control,7.327701310276959
control,10.332455093195959
control,11.189904515405129
control,10.544876672274352
control,10.315106499243644
control,16.104791193534215
control,7.527997479860018
control,13.919391766644676
control,9.486948718370078
control,10.752965727662978
control,12.076925114678085
control,12.989108149204457
control,7.1394569524487475
control,13.928580275324373
control,11.576304832268685
control,9.182577954333944
control,10.872074366472031
control,9.631815404409805
control,7.018154154051869
control,14.731673825675827
control,8.503138512247684
control,7.622233791120482
control,9.752818393010047
control,11.742100621750101
control,11.054394510691399
control,14.556300204807027
control,12.509987528072607
control,7.9454251101347655
control,7.021612343581441
control,9.995178019269131
control,10.32669037370123
control,15.714012265681404
control,7.874731510262884
control,13.815310219639178
control,14.275010389757298
control,15.06764011540633
control,13.23112725628878
control,9.152335023985753
control,10.687420051086548
control,9.484689207777047
control,10.52781128928838
control,9.496245351725015
control,4.182054619694911
control,4.562510361982009
control,13.391033872058806
control,10.775138090856498
control,13.879596972219158
control,10.330738844216839
control,8.683201226525686
control,11.927856010610451
control,10.348646853200146
control,4.3575112912130995
control,12.047440610516214
control,8.772111670923369
control,12.737783792491928
control,10.433900182307887
control,11.884647263266642
control,13.779334515068985
control,14.088298856950644
control,8.083257553518797
control,7.778353104633424
control,8.849124219148068
control,12.477408844086526
control,17.883034057498747
control,11.955170431978438
control,13.449434163761628
control,5.633020456658891
control,12.285169741731348
control,8.632739857755764
control,7.715765382540126
control,7.181832028716416
control,6.693530602855946
control,9.673305287006558
control,10.582831905579923
control,8.353777916983066
control,7.975031116344131
control,11.571524496195401
control,8.574681608452568
control,6.884010505526919
control,11.919661811366012
control,8.141673481943949
control,9.18197440349485
control,13.820209890803994
control,10.541028195753647
control,9.25914057384847
control,11.74294182246066
control,13.291222584032516
control,6.237219208058594
control,12.281460554708172
control,8.239648978921668
control,8.800043452409579
control,10.895551800086695
control,9.110608784746006
control,8.890405739426544
control,11.694343315882524
control,11.890246127546078
control,15.083009876109497
control,12.44576628428631
control,19.505977707273473
control,16.733353819605323
control,9.088864075568502
control,8.888358267411066
control,4.423904526028711
control,8.588977727348684
control,9.438184134020432
control,8.36775907015374
control,15.01480819995296
control,7.880399464700342
control,13.521970054362558
control,8.636616720770025
control,13.68311153709461
control,7.634052238397766
control,5.704066588564604
control,12.200766327923535
control,11.3579634791819
control,7.454811722670383
control,11.305386825737868
control,14.5346453003122
control,10.317686491399268
control,7.193551233802013
control,9.872111499553602
control,9.774116515662941
control,16.6356750599344
control,13.754401525916412
control,16.217534170271577
control,14.466612234022959
control,4.689785838006966
control,12.868303527664603
control,8.904959611180256
control,7.517042178035553
control,8.844278020558846
control,9.650532168322721
control,6.556810216742044
control,10.669412360088653
control,11.399431127728505
control,9.434051232068736
control,6.975981952366724
control,5.701009903498354
control,6.012576640068378
control,3.954923746026018
control,11.65446915822519
control,14.63139179534986
control,11.324388963496991
control,11.684748685340317
control,8.32425642401024
control,8.038397359496624
control,9.693672540979351
control,10.405066107467311
control,9.648856933478548
control,12.78142114089453
control,10.157619906293093
control,12.766529476574764
control,9.609054611044419
control,3.9386918976536993
control,12.768815110928319
control,12.842222350578794
control,13.697234007390133
control,9.3463705079442
control,13.785403855302974
control,11.12981343095289
control,12.188472839143765
control,10.648335620360157
control,8.027783144133886
control,12.547883453654027
control,12.027631065018305
control,9.75428789406053
control,13.523785643233133
control,4.151025081531902
control,6.977759892013716
control,8.343629815861595
control,9.784318953013726
control,9.186866194936574
control,8.004646076714005
control,9.406324513452745
control,10.860371513672566
control,5.354406033668609
control,11.460515253367914
control,11.363200816435509
control,7.760186934230468
control,9.44439164431315
control,12.586937275369424
control,4.616131529829979
control,4.047715643443098
control,12.9389081958922
control,7.318253728838282
control,8.085576769906607
control,6.174625807164693
control,10.534303704056049
control,10.239257097622623
control,9.832007613667432
control,12.202467796416588
control,8.650948640747265
control,8.89643358009289
control,3.8001153634426155
control,10.634214014276807
control,5.7660508788308515
control,12.37997458605026
control,8.8687126058432
control,8.945415263443758
control,5.727887462410667
control,13.982412540659581
control,13.123306114096401
control,15.023480227238707
control,11.21252678000318
control,7.842397864955851
control,12.025326710449654
control,8.159022472289085
control,10.819007905857632
control,4.35935966614694
control,12.351444714894505
control,10.659773664189746
control,9.459531456033458
control,8.219316769839876
control,11.474244339896327
control,5.712212523093269
control,13.602876962449347
control,5.023681188309348
control,12.794456608116292
control,8.785647385087573
control,11.62063498649843
control,4.608604767452927
control,6.885572063665698
control,7.908957518978699
control,11.346794291942285
control,4.984799495955634
control,7.918543357140272
control,8.174241961857849
control,7.436630448022607
control,9.019060137380798
control,6.699528069504968
control,10.871252643901377
control,9.061228335708075
control,4.093566640134127
control,11.732577051829992
control,11.057089111332408
control,9.47586598842622
control,8.350294743267076
control,12.268458598721221
control,6.897156005161799
control,8.748139620496984
control,8.994671964407434
control,6.077264763146282
control,6.244057905681877
control,6.588278668531567
control,10.402894199577531
control,11.006483806735815
control,13.455265293438483
control,12.605028262171725
control,13.289682296438553
control,8.433000138241836
control,7.836000438301325
control,7.064049177062324
control,12.244684542729894
control,11.337790726817977
control,10.084777678822478
control,8.00444204616738
control,10.642011599276946
control,9.306795989088485
control,7.390832984985071
control,9.467383449477047
control,9.868332993078969
control,10.115314921618019
control,9.577204328560654
control,10.570901511138137
control,14.533384734024004
control,6.356637090779385
control,12.285885995740037
control,4.686048728379177
control,11.847349478525125
control,7.996277739593896
control,10.734231194796806
control,9.055229755591728
control,8.464011546975838
control,10.026358670345255
control,11.68724068468304
control,5.373647514158414
control,10.647245466341065
control,11.032032063767167
control,13.812577604269404
control,10.108469773535713
control,9.005896991342727
control,14.463602653363095
control,7.675199302533054
control,6.471334453751322
control,8.197117093772045
control,7.980103555594733
control,6.777232193015122
control,9.316203725247824
control,10.570232386404166
control,10.640449830846828
control,5.705908256759512
control,9.08471264257459
control,16.512332488684812
control,11.523284238347369
control,7.651255162765217
control,8.863546286503222
control,12.667419484659558
control,12.202150936543545
control,13.614507383755262
control,12.943478756791587
control,5.230443647522195
control,11.211888067356444
control,9.882025867533866
control,11.571769994036826
control,10.542322987065498
control,11.175701040308935
control,5.055933953237849
control,3.8470756500115577
control,5.532453858618
control,11.277091309704097
control,12.231351581199778
control,11.38730010203378
control,11.398764146237102
control,10.917805620230984
control,5.7047345129016085
control,7.1062335059171735
control,11.551452052729607
control,9.305105452116445
control,12.893004621135885
control,10.786217565788986
control,4.564392728439064
control,10.227511077657855
control,8.061214800893557
control,8.977741412912245
control,8.871204343769431
control,5.904481145703237
control,5.147839679603805
control,9.862774883324843
control,8.259530768688643
control,5.322691395688327
control,15.649738246101451
control,12.644399003659533
control,10.356988090730223
control,3.0513893002394763
control,10.300879331230878
control,8.67265088890307
control,3.707673542682979
control,8.315672488678555
control,7.6552680878512085
control,11.574509433717184
control,12.089593394072299
control,10.772696274917713
control,9.825723128903897
control,13.119581723754122
control,9.58501398529088
control,10.73516719255043
control,8.109602103139306
control,13.41572168469283
control,14.33276494189824
control,12.278873972596207
control,6.870720340327083
control,17.606325112767305
control,11.47228342095284
control,14.861122876220755
control,5.904624456776371
control,14.93321350141401
control,8.792648851060864
control,12.351922061974886
control,5.874790568696691
control,10.541991304849015
control,11.43937370762538
control,9.431557669804771
control,9.640977159652326
control,6.255758847269016
control,17.462348055894736
control,15.207911256651442
control,1.8180178130587343
control,16.33374187814924
control,8.98847389178833
control,12.888340995995827
control,10.637232502228269
control,11.544575769874534
control,9.2121937514836
control,13.533012708496893
control,7.0259757498891675
control,8.02326437152413
control,10.197720243962385
control,9.230459786066604
control,11.190338388171066
control,23.0
control,37.0
control,22.0
control,24.0
control,26.0
control,32.0
control,28.0
control,34.0
control,31.0
control,34.0
control,24.0
control,25.0
control,33.0
control,21.0
control,34.0
control,36.0
control,37.0
control,26.0
control,22.0
control,30.0
control,30.0
control,20.0
control,27.0
control,36.0
control,32.0
control,22.0
control,23.0
control,23.0
control,31.0
control,21.0
control,20.0
control,21.0
control,37.0
control,30.0
control,31.0
control,38.0
control,25.0
control,26.0
control,35.0
control,37.0
control,36.0
control,26.0
control,37.0
control,36.0
control,29.0
control,23.0
control,32.0
control,25.0
control,33.0
control,27.0
control,2.0
control,3.0
control,3.0
control,2.0
control,2.0
control,2.0
control,2.0
control,3.0
control,3.0
control,3.0
control,2.0
control,3.0
control,3.0
control,2.0
control,2.0
control,3.0
control,2.0
control,3.0
control,3.0
control,3.0
control,3.0
control,3.0
control,2.0
control,2.0
control,3.0
control,3.0
control,3.0
control,3.0
control,2.0
control,3.0
control,3.0
control,3.0
control,2.0
control,2.0
control,3.0
control,3.0
control,3.0
control,2.0
control,2.0
control,2.0
control,3.0
control,3.0
control,3.0
control,3.0
control,3.0
control,2.0
control,3.0
control,2.0
control,2.0
control,3.0
control,3.0
control,3.0
control,3.0
control,3.0
control,3.0
control,2.0
control,3.0
control,3.0
control,3.0
control,3.0
control,2.0
control,2.0
control,2.0
control,2.0
control,2.0
control,2.0
control,2.0
control,3.0
control,3.0
control,2.0
control,3.0
control,3.0
control,2.0
control,3.0
control,2.0
control,3.0
control,2.0
control,3.0
control,3.0
control,2.0
control,3.0
control,3.0
control,2.0
control,3.0
control,2.0
control,2.0
control,2.0
control,3.0
control,2.0
control,3.0
control,3.0
control,3.0
control,3.0
control,2.0
control,2.0
control,3.0
control,3.0
control,2.0
control,3.0
control,3.0
test,10.856246240978127
test,10.390619822195607
test,3.9199459796604392
test,10.869933148512324
test,9.457964751348781
test,11.891017896059513
test,12.760492628712667
test,7.869288770965641
test,10.870484174762275
test,14.654891638246038
test,5.334813382070091
test,11.772104464506613
test,6.180283431163481
test,10.601373662285152
test,10.4624828601984
test,7.454976893525107
test,12.798479649413737
test,7.93041948020084
test,14.637450159573369
test,14.382851923849808
test,9.106854593345421
test,9.768555423725056
test,13.160010312101418
test,10.207409116219935
test,12.847502948570868
test,12.057856165647586
test,8.135436170269767
test,6.591009989398927
test,10.279712749735387
test,16.29260451409742
test,5.984408985831914
test,10.501070826954548
test,13.103432872371584
test,15.435491532687806
test,8.840924747509819
test,8.162580401409633
test,8.009132259072999
test,7.123005854606615
test,6.954959112311849
test,6.582362393806086
test,10.081575382264383
test,14.62943158891203
test,13.12273422041465
test,6.901844603139651
test,8.081461769126888
test,13.816168769957226
test,7.987830478072043
test,12.387244942957388
test,11.245592125533927
test,5.775641317226475
test,8.104965101274265
test,7.150413283575921
test,4.829265111702371
test,9.61957362394423
test,8.213691191383273
test,9.141960515793437
test,10.612751921614796
test,7.414665348547953
test,9.06179042926225
test,15.4953342286173
test,10.894370728754462
test,14.466614100912048
test,4.180697453812909
test,8.91259737977259
test,6.98875666301689
test,13.422596023896164
test,10.37734424466399
test,14.347757203827562
test,12.089231882379483
test,8.002482593045142
test,11.114041409495439
test,11.712768929739639
test,9.8949488678599
test,10.598842637897786
test,12.547333422492247
test,9.56764830854112
test,8.157501074235078
test,10.548468423350245
test,5.360482511926187
test,8.45612505329619
test,13.042136609418895
test,12.04206822973497
test,9.709013374384737
test,13.030677230770328
test,10.358716730027616
test,17.81860530160536
test,2.5775841676401807
test,7.976685595962519
test,7.1815257981569784
test,8.895374493012158
test,8.085523452110895
test,7.444814315917506
test,12.354948064208799
test,12.317626744156687
test,17.23252894318832
test,9.178445033766824
test,10.94867832359295
test,11.333582136863392
test,12.312259366373095
test,8.566299687897295
test,16.874941153989994
test,8.547196308302567
test,7.7507532576751075
test,10.76098236768304
test,10.886451140306352
test,10.957784186270244
test,3.8084147521957794
test,6.7799664080907185
test,10.837539099657905
test,9.014472660159448
test,5.701093364492852
test,8.892729272298695
test,8.339704742931728
test,9.214524597991623
test,7.243841887421039
test,15.610453228819415
test,7.143094322647363
test,9.872166531845423
test,6.87173675668788
test,7.8652726311662375
test,11.613929592536014
test,9.677288682560329
test,9.858809568849523
test,3.77815188193326
test,5.923261614206928
test,14.11023752923898
test,8.538036652587959
test,8.199409843400504
test,10.720272027311035
test,10.283129282168655
test,8.171536344261646
test,5.4882442623059005
test,3.5178370656528326
test,6.060557200092349
test,9.03915189149822
test,13.233772952759825
test,6.8118929529325065
test,9.342623768231222
test,8.688242492370176
test,6.8544425601570245
test,5.0583176362477165
test,8.480270541222316
test,13.041943945802853
test,16.131263159274233
test,12.10351502233139
test,7.721557678489087
test,7.141379741882079
test,12.15480760846351
test,12.650296596044349
test,7.780210844740592
test,11.77619586724772
test,16.167420404416507
test,12.277314148941969
test,13.040148919095609
test,9.77264611346093
test,10.107097547690039
test,6.653649707421166
test,6.187226059438289
test,6.540255745864405
test,4.853565963152857
test,13.5993991563348
test,10.560953129949496
test,10.055356117876704
test,6.106385023202434
test,4.9958448485734275
test,8.98879048950868
test,7.8249247873057115
test,10.664954043808605
test,10.66724481008359
test,16.922256952058696
test,7.827571831729667
test,13.364008764076262
test,8.35306784051636
test,10.466196730760597
test,13.924800243096879
test,14.48572053900265
test,6.2809435233987365
test,11.31118339319311
test,9.66804481491649
test,7.531036146007583
test,9.635960116544682
test,9.765581919287035
test,9.6444070324216
test,8.175477378769008
test,6.0764944376403704
test,8.400459612088653
test,9.207088112924861
test,12.422935168620793
test,5.513379409158724
test,9.940832778830057
test,11.138896763071289
test,16.135079076336297
test,18.035207362941158
test,9.711038478913958
test,9.640850446676566
test,8.103747012637635
test,12.759243134876527
test,6.324644536981077
test,5.226939767274855
test,14.119109187379774
test,15.093537399045047
test,13.910406541780507
test,7.841466709657896
test,9.574001334937757
test,7.944540761172888
test,12.134854037485129
test,8.908709344340586
test,11.099949229024494
test,11.94781763951464
test,13.851868635146158
test,8.490733281258747
test,13.757388674877802
test,5.511507471995205
test,5.170383928457172
test,12.015327049144403
test,10.443278351533424
test,13.308379516843916
test,11.30560051947117
test,15.258629354140872
test,7.8018812119843
test,12.651150085247526
test,13.745388006232206
test,8.444941896956609
test,5.263401027785492
test,14.349416000748768
test,12.369640030257639
test,6.340634835099097
test,8.345959456259285
test,10.034438809103902
test,8.735274320544637
test,11.727210831796198
test,15.225154365931193
test,9.91145429103389
test,10.854654260127404
test,9.53695793735742
test,10.710612109302772
test,12.631478984914889
test,6.482329911001925
test,7.971503162896502
test,12.530514879261446
test,13.407731700429366
test,6.251434627675397
test,15.317179474053672
test,11.42012469193908
test,10.376333730203248
test,11.815966417196414
test,6.9573205531732984
test,13.610843751498603
test,13.90274487499754
test,10.155605308189969
test,9.686739320624211
test,9.507483501862286
test,11.681293697639301
test,7.950064183440517
test,8.277757152019127
test,3.9328412100586876
test,9.937704890580356
test,8.05275920959377
test,13.68456377598275
test,11.596025093240522
test,11.796713001861848
test,13.118752294284558
test,8.492212567277456
test,8.825607162424873
test,8.027642216249872
test,8.457309412344785
test,9.987407094035404
test,9.541542763891158
test,14.605613773891912
test,8.6604149322265
test,11.630569804036341
test,6.855942121273131
test,7.401180024926317
test,9.183209839430663
test,8.935783968535015
test,15.567856848324462
test,6.649929313343576
test,8.515295313863263
test,9.38672185610015
test,16.441312360612123
test,10.796458059699393
test,12.023351881025668
test,11.052647366401766
test,10.655479439598786
test,6.681407331922386
test,15.1232840119117
test,9.394442373169007
test,12.451908995037716
test,11.709900144586285
test,11.245660917841832
test,10.04608405808357
test,10.59395691694233
test,6.723003604326214
test,17.87393304887241
test,6.204848277397219
test,9.666970512542079
test,11.74472263271277
test,9.579359817636508
test,11.52455414646891
test,7.846508955722004
test,7.165734764307885
test,15.59801148546845
test,11.027156544919496
test,8.539083288515112
test,7.53140994042254
test,9.154243059751533
test,13.743040667825674
test,10.548756559366296
test,14.532449569080926
test,7.935613767495109
test,12.92546403453892
test,11.315432745792165
test,9.700394352071294
test,10.94745263929575
test,11.047217613147188
test,12.3684112953716
test,14.959914072834387
test,13.407873591143531
test,11.716382595927662
test,11.60293638397937
test,7.041403430473069
test,16.173684265554026
test,11.236163202565749
test,15.229525371050677
test,8.299705591964065
test,11.784530925236291
test,7.638433270215532
test,11.412024117078156
test,13.224503156291046
test,8.735565978184173
test,11.85296945443903
test,13.5157618469749
test,6.536557871142681
test,12.416212003938528
test,4.817338151833781
test,6.598657293846389
test,7.141116670656032
test,11.042899329442857
test,15.501087258929946
test,8.410852116014832
test,11.765832243809914
test,11.618009806797449
test,8.09652144586305
test,9.036928670147748
test,15.443988154320607
test,12.667348209495263
test,8.733879967557604
test,11.75826180673438
test,12.2305949179088
test,10.705735940204256
test,14.194128451596985
test,9.979545732428157
test,9.936311445104508
test,11.719262553638142
test,11.532252368885494
test,8.064777453332908
test,14.403194494075501
test,4.595395154515903
test,8.258531329385695
test,8.129980481605708
test,6.161961291776009
test,11.122231341390139
test,7.721718982814983
test,11.117892339801461
test,7.647023331291862
test,8.557130651787226
test,9.639468582616171
test,11.355563848268293
test,11.612453378444094
test,14.697790436473204
test,12.524513322282292
test,9.73196753298935
test,6.2861391617761875
test,11.072410869262988
test,16.992216014878245
test,12.122251002924337
test,8.60279770879162
test,10.546367642313603
test,14.665936831361057
test,13.708690464197979
test,16.542050100002267
test,9.230024401520382
test,7.820696593961842
test,9.249942774335947
test,5.798144664598515
test,5.008410487700006
test,6.574329471495647
test,8.671464294292441
test,8.756550642741878
test,5.914647433908563
test,8.909896106193365
test,8.940157752005396
test,15.187411250695547
test,7.9813416919532525
test,10.240648777930069
test,10.909695105533078
test,12.646409891166687
test,11.105448241417488
test,3.744993475946
test,7.554254147740967
test,7.601871959850362
test,3.900885419881435
test,14.44310058537842
test,11.387399988602457
test,12.238036901270277
test,9.81649882814524
test,9.251871166022315
test,9.321857176615598
test,6.291993037686684
test,10.318484789058715
test,16.04201782102049
test,10.05947352572739
test,13.135797062675987
test,15.403974929114053
test,11.160652550659734
test,11.745917770257591
test,5.991982958519051
test,10.985513022886936
test,14.402084276840604
test,12.666436031527002
test,6.190899297602591
test,9.374063572436683
test,8.708147140181213
test,6.6232012336449175
test,11.280221729543111
test,11.75243923644025
test,8.68845916367223
test,9.525486003952224
test,5.169347762676788
test,9.221504356083475
test,5.913592042196347
test,10.005198781392952
test,16.901595609163127
test,9.78376708939003
test,6.357505333928839
test,6.230521591428049
test,13.269988676257615
test,14.807546143237818
test,15.248341180779153
test,6.041186174639447
test,7.951361480877283
test,13.883560700020254
test,7.056402559167617
test,8.747889301138848
test,11.60833690855077
test,6.796841691900692
test,8.499775070842338
test,12.216474740096478
test,9.821784404302543
test,7.394047600328986
test,9.642979096817285
test,15.053383973307524
test,9.720933830061353
test,7.6396832836202595
test,12.186629563321366
test,12.614526076727001
test,13.72162364974853
test,11.437403584055879
test,5.066665351020966
test,6.590244949618893
test,4.838972667323205
test,8.398903315911024
test,11.964666406866693
test,6.596483687986439
test,7.840239379450077
test,13.07866152714105
test,10.660582991566075
test,13.497505584906321
test,9.40487425917836
test,11.219198098807228
test,12.14451718451394
test,7.72755682261327
test,9.147403651477578
test,10.174415484931695
test,13.898998162678216
test,8.368252305654261
test,14.177085845829586
test,12.86606566779487
test,11.694968271183415
test,8.797986815117962
test,7.108169446082493
test,11.905710887785325
test,9.896805680322569
test,5.803401448525798
test,13.415321393619251
test,12.27518599415441
test,11.726575987146159
test,12.341187209541257
test,14.79446401076137
test,14.196205638749092
test,5.2323369410023455
test,5.123076585440727
test,8.733077040946082
test,11.530670624344609
test,14.635838261800323
test,18.37679088960855
test,9.003292647443015
test,10.893316470853108
test,9.499293016319141
test,12.064299668174069
test,11.883244822248324
test,10.276660958455762
test,13.202441236159624
test,11.85013358460192
test,12.648786917663095
test,7.569150798101518
test,9.811120254126298
test,2.315502229776259
test,12.971732221512557
test,14.059522606191516
test,7.082570893120915
test,10.496503424428116
test,14.152507238934007
test,11.70215880821107
test,9.100978805905005
test,14.140194748399086
test,11.708575236679636
test,11.669662846372336
test,9.167572550023202
test,11.459940141284191
test,13.019952432656781
test,10.585164939902372
test,8.344228733576541
test,11.416503684559304
test,10.845597469049695
test,5.965049964927257
test,11.966365542619464
test,12.468442237153766
test,13.962995533138326
test,7.847829046890281
test,10.959820270148127
test,11.62790129866623
test,14.668405582879942
test,11.41039395985767
test,13.67015811095095
test,10.737309776066635
test,7.070915889333741
test,10.28672116329178
test,6.6280781527860455
test,17.108609746586154
test,9.26542106754313
test,8.67543907417117
test,8.04280214038166
test,11.189252265879897
test,7.690098160983403
test,13.66532684455779
test,14.383022495392673
test,8.659036126225711
test,12.408301220817366
test,9.505776205785569
test,13.788984499087679
test,7.199542727853309
test,7.709548412871256
test,10.530781345053938
test,11.268317982990547
test,11.433795896466906
test,9.549407261146433
test,9.14967708231057
test,7.226216980665348
test,5.790839766690582
test,11.949175974572901
test,8.179979688516532
test,9.022097738942694
test,8.527271165457128
test,12.519905125393294
test,8.436200085469615
test,9.8970671312511
test,13.916521245401519
test,5.558465192811918
test,10.73158331203812
test,11.486065017522964
test,12.911452352463833
test,11.610164541510915
test,13.228928135898112
test,10.66959006515049
test,12.335136029038848
test,9.500634213469327
test,10.096707505508274
test,7.66398203342407
test,12.267432686893194
test,11.58364745131167
test,9.187517034054443
test,9.682536572715781
test,11.928904331013287
test,7.81371097834802
test,8.850328404738846
test,10.49655635975418
test,7.780065992472354
test,12.933338029435818
test,8.531128426303617
test,7.265180184204179
test,9.150576211094675
test,11.52653685032214
test,9.458522058680193
test,7.5455857272071425
test,10.027679733746877
test,3.597636319256946
test,17.02502344373232
test,7.286567672918034
test,10.253025383338915
test,12.495875009057098
test,10.241828330990101
test,11.08006638454985
test,13.376336464341627
test,8.008461107416883
test,6.374849944333659
test,6.585870942816989
test,9.220714913292946
test,5.325659750835759
test,11.030975471897717
test,10.063000500437653
test,18.312589200637035
test,14.334588414454362
test,8.008194735998323
test,7.9639785191854715
test,11.444992962174915
test,8.749068140095414
test,9.145768247448743
test,14.503664922485793
test,9.533547309113889
test,10.91144302144934
test,13.975658388966757
test,15.944352381285952
test,11.423604984356357
test,10.389902024713363
test,14.804092802266144
test,7.67393817986798
test,8.701337638821325
test,7.617281291172263
test,10.079364813807995
test,13.338491779205166
test,13.963527275976103
test,1.502270821905853
test,10.168217455699462
test,6.985094595755964
test,15.522790073225673
test,12.393662494608243
test,12.031895468347892
test,12.889414172292227
test,4.673328543821661
test,10.453509433173258
test,15.22392139795813
test,9.287393102977308
test,11.724017832686476
test,11.237743066853985
test,10.402111558876868
test,11.243497255530807
test,10.880533686920575
test,12.7282182449204
test,8.304619053870372
test,11.210497706310694
test,10.59798698605735
test,7.1579028472142046
test,10.761369682594477
test,10.812689572409338
test,9.691076978433772
test,9.77078892957224
test,10.843685486330836
test,9.284945651490563
test,7.505659582028635
test,7.174561224629387
test,9.628272593349731
test,9.322772828212848
test,8.717506064337835
test,12.672227349505162
test,10.175586754365181
test,12.665246776284217
test,13.51207207427601
test,11.715637194089595
test,11.98511648044564
test,8.767776964921309
test,8.536353892948839
test,9.145842578305114
test,7.5866765799349505
test,9.79514404371447
test,6.990473704905746
test,11.097006605284871
test,10.11919225811893
test,12.097895055889401
test,12.127594474053579
test,8.493359096092675
test,8.2965471261052
test,8.59078614036738
test,9.16227693322242
test,12.179881105970681
test,10.544545740369635
test,7.932369721547325
test,10.80908040735649
test,16.57850530577185
test,10.403709889709495
test,14.605388144112434
test,8.37423786533104
test,12.9102087532785
test,6.139204250334338
test,12.274213174662732
test,9.711185332540943
test,13.812223694701336
test,1.858374504739281
test,11.893673548858889
test,3.504382363160815
test,5.809968611037425
test,9.28226646858616
test,7.67063780790593
test,6.478303065643386
test,13.068907163252982
test,7.863369576201856
test,8.54402045496929
test,10.373785671338545
test,7.663442838077247
test,9.975129791871163
test,17.307965033617286
test,13.531320966083175
test,10.838638468567407
test,7.705804453937411
test,11.229212199245202
test,7.60084705103303
test,7.425030949641647
test,11.038848051361914
test,7.503420328159116
test,8.220489986915624
test,12.863358442998727
test,9.747746792510167
test,8.70465931771848
test,13.403253607948635
test,10.74252371974871
test,9.777829845729665
test,13.256973715639887
test,8.446087962209745
test,10.761791792802116
test,17.328634091927892
test,11.37803215873452
test,7.306742630988293
test,8.81953084332418
test,9.91591841671659
test,9.498335716521952
test,7.500149762704665
test,12.910422336193095
test,3.960105396909878
test,11.855084380893082
test,10.214990436303554
test,5.403793141668548
test,13.051901821119127
test,8.269720037178962
test,14.157891567621956
test,12.819325242582424
test,7.730728587540698
test,8.998824649853454
test,13.584655875581301
test,10.435458200133144
test,8.194241837674333
test,7.420041613164617
test,8.325193385740402
test,13.492283904248053
test,14.293946375957926
test,14.918981921302871
test,9.881713102474027
test,7.374108697765178
test,12.260871575971045
test,11.649860315009738
test,10.972762415838965
test,6.828408318149189
test,8.721097824571874
test,13.832419230766419
test,10.02850839909424
test,11.797534803816788
test,11.75764551799996
test,11.727228738482356
test,9.40062796326011
test,10.450541638535004
test,8.581096373698118
test,8.685285375567398
test,9.703366170292288
test,7.95429746139018
test,7.63527944689743
test,13.319836814878455
test,10.792312119729699
test,9.12911227294066
test,12.971302862003629
test,9.577267750575267
test,11.198521367830537
test,10.863477596993675
test,8.71194542351108
test,9.026905291533565
test,7.514448855575557
test,8.446527331536522
test,8.720014160598966
test,7.523798544154538
test,14.234036902199215
test,6.948240420486787
test,6.225560284000925
test,11.816212901165507
test,2.753465635285446
test,8.159409242407463
test,9.844206387161753
test,11.213555026884272
test,8.5880092519228
test,7.957913197211061
test,4.637048408441862
test,13.397702555354302
test,5.506227451782447
test,8.910243888441698
test,12.565996814919643
test,7.286012685351049
test,-0.01135258487901325
test,4.851593838541628
test,9.76219717886881
test,8.98672382683079
test,13.062992679364367
test,10.632314144496426
test,10.147745285747094
test,10.097465487492993
test,8.80175310381953
test,4.781920878858796
test,7.799115144184415
test,8.83162759005776
test,11.160911178412825
test,13.23731419754562
test,9.064417459142078
test,10.007419289991857
test,10.130276955981598
test,5.548402452838558
test,10.819405244445393
test,10.88944052618307
test,10.357484314635556
test,8.472596975350442
test,12.111645068703726
test,15.144537786202648
test,4.238013490383201
test,11.72479849758377
test,6.961514084453016
test,14.053341828922836
test,13.328639101257881
test,15.026807358741245
test,10.916987522205233
test,9.466179455251103
test,5.84752968162598
test,8.699662437399665
test,12.166358190569719
test,8.10546601807792
test,10.371883622193383
test,11.822893578236085
test,12.401467139733592
test,11.542326783853545
test,6.474145063388978
test,10.254147936201894
test,5.427622198309976
test,9.86531134784714
test,9.825291944630063
test,11.89829190001389
test,8.757812938514734
test,7.302848959169621
test,11.52945320376363
test,16.07303869821159
test,14.165886886940442
test,6.948833030151991
test,10.706196559338684
test,14.353411434609473
test,7.16394997891822
test,11.063659311563926
test,9.741997394597846
test,6.122138106782369
test,9.459976701184685
test,7.66956396870132
test,11.453540951531009
test,12.053382275674279
test,11.162596683002345
test,10.312278696236763
test,13.817203692013052
test,13.086397518035703
test,10.693957204911477
test,4.567067904386066
test,6.5449507247104615
test,12.869140420038415
test,9.110663845943629
test,9.809482131401976
test,9.7815093233718
test,11.984833546828156
test,8.947364335260188
test,8.525334012591467
test,4.287163318800857
test,6.8421237246435185
test,7.558303788596016
test,8.350629680452448
test,7.986547146518529
test,11.754910978058023
test,7.224501908350052
test,15.286210611183165
test,3.143275600592986
test,14.052471869626828
test,13.151234426115337
test,3.94976067876872
test,11.18081229434818
test,15.920585023894223
test,10.511414667359702
test,10.465885686398913
test,10.759886474683292
test,15.855832703110433
test,7.868282357722688
test,15.796552541459391
test,14.510781740346442
test,10.52730166460779
test,10.572050455344225
test,10.630868947133738
test,10.875905568097819
test,9.747101135700921
test,17.104331300967058
test,9.268423105806125
test,7.334969989553099
test,13.734965142212499
test,11.120013060196634
test,8.849505433494393
test,7.894257422906994
test,16.137291451106975
test,4.519968693049357
test,7.411386293121368
test,11.428393526397132
test,12.457785102090707
test,8.527434434928626
test,10.748947471251514
test,9.426021586363863
test,13.96267449999008
test,6.013057905445014
test,7.151424007182223
test,12.72758362064937
test,12.404650839702423
test,9.220435386992914
test,16.68204785163858
test,6.029950314485733
test,8.312791811636615
test,5.111004195935192
test,8.299311448746415
test,6.7280119335981485
test,6.571222923532644
test,11.473261465067676
test,12.725579644530313
test,10.505477379317195
test,12.917151135115848
test,9.758744236117812
test,10.894995839224329
test,12.122533922020644
test,9.532075590039213
test,14.755219224048314
test,14.3627807019194
test,7.642322846536148
test,9.584096294001215
test,15.975454307172834
test,8.861162192836504
test,10.986338521320777
test,15.95293349489392
test,3.9225710894492725
test,8.49498853165617
test,5.61673203773112
test,13.137273343583644
test,10.127666911322041
test,8.030463138813142
test,6.74650942389804
test,11.259610119875687
test,12.19455836652741
test,12.670145264499467
test,12.655638477502988
test,6.050873047512098
test,8.243849705365202
test,11.61371942278403
test,5.106789793739062
test,7.826582684633254
test,9.057350188494476
test,8.733023379847197
test,9.702249834695067
test,9.966017544204123
test,10.89898805533786
test,7.251561277025013
test,7.318993960563281
test,8.195700318130045
test,11.46848644395632
test,7.546438792666073
test,7.7537985528741125
test,8.604709928966377
test,8.29897238579133
test,10.731346737211817
test,14.12457374468141
test,8.401769921223996
test,11.6841452844616
test,10.701676001422953
test,6.273576829470344
test,8.325874144176684
test,9.804358075141339
test,7.126665080931245
test,9.98395065026128
test,7.870124218635308
test,12.3048437647221
test,9.709675057638902
test,6.96743500713222
test,7.982944710849981
test,8.536501347424677
test,11.779332774563251
test,14.97752948298285
test,9.6555708752652
test,12.33837233868838
test,13.943169892456893
test,10.720874165195546
test,14.0
test,15.0
test,17.0
test,13.0
test,14.0
test,16.0
test,14.0
test,14.0
test,14.0
test,16.0
test,15.0
test,13.0
test,17.0
test,16.0
test,13.0
test,14.0
test,15.0
test,17.0
test,16.0
test,13.0
test,17.0
test,17.0
test,17.0
test,16.0
test,17.0
test,16.0
test,13.0
test,15.0
test,14.0
test,17.0
test,17.0
test,15.0
test,14.0
test,13.0
test,14.0
test,16.0
test,14.0
test,16.0
test,14.0
test,15.0
test,13.0
test,15.0
test,14.0
test,15.0
test,17.0
test,13.0
test,14.0
test,16.0
test,13.0
test,17.0
test,5.0
test,5.0
test,4.0
test,5.0
test,4.0
test,5.0
test,4.0
test,5.0
test,4.0
test,4.0
test,4.0
test,5.0
test,4.0
test,5.0
test,5.0
test,4.0
test,4.0
test,4.0
test,4.0
test,5.0
test,5.0
test,4.0
test,5.0
test,4.0
test,4.0
test,4.0
test,5.0
test,4.0
test,4.0
test,4.0
test,4.0
test,5.0
test,5.0
test,5.0
test,4.0
test,4.0
test,5.0
test,5.0
test,5.0
test,4.0
test,5.0
test,5.0
test,5.0
test,5.0
test,4.0
test,5.0
test,5.0
test,4.0
test,4.0
test,5.0
test,4.0
test,4.0
test,4.0
test,4.0
test,4.0
test,5.0
test,4.0
test,4.0
test,5.0
test,4.0
test,5.0
test,4.0
test,4.0
test,5.0
test,4.0
test,4.0
test,5.0
test,5.0
test,4.0
test,5.0
test,5.0
test,4.0
test,5.0
test,4.0
test,4.0
test,5.0
test,4.0
test,4.0
test,5.0
test,4.0
test,4.0
test,5.0
test,4.0
test,4.0
test,4.0
test,4.0
test,5.0
test,5.0
test,4.0
test,4.0
test,4.0
test,4.0
test,5.0
test,4.0
test,4.0
test,4.0
test,4.0
test,4.0
test,5.0
test,4.0
